dateHeureDebutDAY;Autre;Collectivité;Enseignant;Parent;Personnel;Élève
2024-02-12;0,0;0,0;71,0;151,0;7,0;747,0
2024-02-13;0,0;0,0;31,0;108,0;1,0;644,0
2024-02-14;3,0;0,0;52,0;81,0;8,0;599,0
2024-02-15;0,0;0,0;48,0;93,0;3,0;717,0
2024-02-16;0,0;0,0;50,0;116,0;3,0;698,0
2024-02-17;0,0;0,0;35,0;73,0;0,0;565,0
2024-02-18;0,0;0,0;49,0;72,0;0,0;589,0
2024-02-19;0,0;0,0;49,0;112,0;0,0;812,0
2024-02-20;1,0;0,0;61,0;105,0;1,0;816,0
2024-02-21;0,0;0,0;70,0;107,0;0,0;871,0
2024-02-22;0,0;0,0;64,0;109,0;0,0;906,0
2024-02-23;0,0;0,0;66,0;97,0;2,0;1018,0
2024-02-24;0,0;0,0;57,0;107,0;0,0;1025,0
2024-02-25;0,0;0,0;135,0;244,0;1,0;2208,0
2024-02-26;5,0;0,0;473,0;575,0;24,0;3605,0
2024-02-27;1,0;0,0;418,0;533,0;35,0;3059,0
2024-02-28;0,0;1,0;305,0;424,0;21,0;2751,0
2024-02-29;0,0;0,0;352,0;523,0;28,0;2642,0
2024-03-01;1,0;0,0;335,0;421,0;30,0;2092,0
2024-03-02;0,0;0,0;89,0;187,0;0,0;1318,0
2024-03-03;0,0;0,0;130,0;304,0;2,0;2041,0
2024-03-04;2,0;0,0;466,0;533,0;27,0;3280,0
2024-03-05;1,0;0,0;426,0;552,0;27,0;2967,0
2024-03-06;2,0;0,0;303,0;430,0;18,0;2695,0
2024-03-07;1,0;0,0;407,0;497,0;33,0;2966,0
2024-03-08;3,0;0,0;365,0;455,0;29,0;2059,0
2024-03-09;0,0;0,0;118,0;185,0;0,0;1345,0
2024-03-10;0,0;0,0;127,0;282,0;1,0;2085,0
2024-03-11;2,0;0,0;442,0;643,0;35,0;3273,0
2024-03-12;2,0;0,0;388,0;540,0;25,0;2585,0
2024-03-13;1,0;0,0;260,0;466,0;22,0;2655,0
2024-03-14;0,0;0,0;382,0;538,0;37,0;2839,0
2024-03-15;0,0;0,0;278,0;441,0;21,0;1861,0
2024-03-16;0,0;0,0;71,0;186,0;0,0;1195,0
2024-03-17;0,0;0,0;116,0;311,0;0,0;2015,0
2024-03-18;1,0;0,0;442,0;682,0;36,0;3579,0
2024-03-19;0,0;0,0;321,0;612,0;20,0;2795,0
2024-03-20;1,0;0,0;255,0;493,0;13,0;2415,0
2024-03-21;2,0;0,0;374,0;545,0;33,0;2824,0
2024-03-22;1,0;1,0;339,0;415,0;25,0;1981,0
2024-03-23;0,0;0,0;69,0;183,0;2,0;1229,0
2024-03-24;1,0;0,0;119,0;281,0;1,0;2039,0
2024-03-25;3,0;0,0;330,0;507,0;27,0;2623,0
2024-03-26;1,0;0,0;348,0;481,0;27,0;2623,0
2024-03-27;1,0;0,0;242,0;383,0;11,0;2260,0
2024-03-28;0,0;0,0;362,0;468,0;42,0;2441,0
2024-03-29;1,0;0,0;319,0;383,0;28,0;1938,0
2024-03-30;1,0;0,0;58,0;152,0;1,0;974,0
2024-03-31;1,0;0,0;41,0;133,0;1,0;1055,0
2024-04-01;1,0;0,0;92,0;316,0;1,0;2158,0
2024-04-02;1,0;1,0;334,0;544,0;15,0;2984,0
2024-04-03;0,0;0,0;200,0;398,0;9,0;2270,0
2024-04-04;2,0;0,0;287,0;475,0;8,0;2521,0
2024-04-05;2,0;0,0;258,0;347,0;7,0;1581,0
2024-04-06;0,0;0,0;29,0;102,0;0,0;495,0
2024-04-07;0,0;0,0;31,0;96,0;0,0;465,0
2024-04-08;0,0;0,0;44,0;133,0;2,0;575,0
2024-04-09;1,0;0,0;39,0;112,0;2,0;507,0
2024-04-10;0,0;0,0;28,0;92,0;1,0;455,0
2024-04-11;0,0;0,0;39,0;85,0;0,0;455,0
2024-04-12;0,0;0,0;30,0;86,0;0,0;422,0
2024-04-13;0,0;0,0;12,0;50,0;0,0;362,0
2024-04-14;0,0;0,0;12,0;65,0;0,0;434,0
2024-04-15;0,0;0,0;33,0;98,0;0,0;648,0
2024-04-16;0,0;0,0;29,0;87,0;0,0;625,0
2024-04-17;0,0;0,0;40,0;100,0;0,0;593,0
2024-04-18;0,0;0,0;40,0;120,0;0,0;700,0
2024-04-19;0,0;0,0;60,0;92,0;0,0;703,0
2024-04-20;0,0;0,0;43,0;83,0;0,0;814,0
2024-04-21;0,0;0,0;91,0;202,0;1,0;1724,0
2024-04-22;2,0;1,0;373,0;458,0;10,0;2821,0
2024-04-23;2,0;0,0;339,0;378,0;10,0;2551,0
2024-04-24;3,0;1,0;246,0;371,0;10,0;2184,0
2024-04-25;1,0;0,0;367,0;407,0;21,0;2536,0
2024-04-26;0,0;1,0;318,0;332,0;14,0;1806,0
2024-04-27;0,0;0,0;74,0;149,0;0,0;1076,0
2024-04-28;1,0;0,0;113,0;269,0;1,0;1938,0
2024-04-29;4,0;0,0;378,0;494,0;20,0;2857,0
2024-04-30;0,0;1,0;410,0;394,0;26,0;2251,0
2024-05-01;1,0;0,0;131,0;322,0;4,0;2008,0
2024-05-02;3,0;1,0;376,0;472,0;27,0;2578,0
2024-05-03;1,0;0,0;285,0;362,0;16,0;1732,0
2024-05-04;0,0;0,0;47,0;135,0;0,0;1096,0
2024-05-05;1,0;0,0;102,0;269,0;0,0;1766,0
2024-05-06;2,0;0,0;460,0;533,0;25,0;2923,0
2024-05-07;0,0;0,0;391,0;471,0;26,0;2458,0
2024-05-08;0,0;0,0;79,0;143,0;0,0;948,0
2024-05-09;1,0;0,0;50,0;97,0;0,0;803,0
2024-05-10;0,0;0,0;40,0;112,0;0,0;798,0
2024-05-11;0,0;0,0;42,0;116,0;2,0;971,0
2024-05-12;1,0;0,0;122,0;296,0;4,0;1865,0
2024-05-13;1,0;0,0;442,0;529,0;20,0;3043,0
2024-05-14;4,0;0,0;419,0;545,0;16,0;2904,0
2024-05-15;2,0;0,0;313,0;451,0;18,0;2682,0
2024-05-16;1,0;0,0;418,0;546,0;21,0;2889,0
2024-05-17;0,0;0,0;374,0;439,0;21,0;2090,0
2024-05-18;0,0;0,0;59,0;157,0;0,0;1006,0
2024-05-19;1,0;0,0;94,0;165,0;2,0;1072,0
2024-05-20;1,0;0,0;165,0;315,0;3,0;2131,0
2024-05-21;0,0;0,0;444,0;597,0;27,0;3179,0
2024-05-22;0,0;0,0;365,0;440,0;19,0;2725,0
2024-05-23;0,0;0,0;518,0;562,0;37,0;3215,0
2024-05-24;0,0;0,0;408,0;470,0;22,0;2253,0
2024-05-25;0,0;0,0;143,0;208,0;0,0;1111,0
2024-05-26;0,0;0,0;192,0;284,0;6,0;1732,0
2024-05-27;0,0;0,0;514,0;602,0;31,0;2869,0
2024-05-28;0,0;0,0;433,0;537,0;19,0;2417,0
2024-05-29;0,0;0,0;297,0;470,0;21,0;1840,0
2024-05-30;0,0;0,0;391,0;480,0;22,0;2248,0
2024-05-31;1,0;0,0;335,0;396,0;23,0;1735,0
2024-06-01;0,0;0,0;93,0;158,0;0,0;698,0
2024-06-02;0,0;0,0;122,0;246,0;1,0;1117,0
2024-06-03;0,0;0,0;410,0;531,0;24,0;2058,0
2024-06-04;1,0;0,0;433,0;514,0;28,0;1882,0
2024-06-05;0,0;0,0;283,0;432,0;13,0;1339,0
2024-06-06;1,0;0,0;357,0;486,0;21,0;1686,0
2024-06-07;1,0;0,0;344,0;405,0;28,0;1304,0
2024-06-08;0,0;0,0;51,0;120,0;1,0;508,0
2024-06-09;1,0;0,0;87,0;283,0;2,0;877,0
2024-06-10;2,0;0,0;392,0;448,0;20,0;1759,0
2024-06-11;0,0;0,0;366,0;364,0;23,0;1428,0
2024-06-12;0,0;0,0;242,0;250,0;13,0;1126,0
2024-06-13;0,0;0,0;183,0;361,0;21,0;894,0
2024-06-14;2,0;0,0;156,0;353,0;20,0;395,0
2024-06-15;0,0;0,0;76,0;121,0;3,0;309,0
2024-06-16;0,0;0,0;78,0;173,0;3,0;509,0
2024-06-17;0,0;0,0;230,0;237,0;14,0;701,0
2024-06-18;1,0;0,0;130,0;136,0;15,0;488,0
2024-06-19;1,0;0,0;109,0;83,0;14,0;390,0
2024-06-20;0,0;0,0;125,0;69,0;21,0;320,0
2024-06-21;0,0;0,0;102,0;56,0;15,0;211,0
2024-06-22;0,0;0,0;31,0;27,0;0,0;167,0
2024-06-23;0,0;0,0;51,0;43,0;0,0;219,0
2024-06-24;0,0;0,0;110,0;80,0;17,0;328,0
2024-06-25;0,0;0,0;109,0;72,0;21,0;295,0
2024-06-26;1,0;0,0;87,0;168,0;9,0;344,0
2024-06-27;0,0;0,0;95,0;95,0;17,0;284,0
2024-06-28;0,0;0,0;66,0;83,0;14,0;224,0
2024-06-29;0,0;0,0;21,0;24,0;0,0;117,0
2024-06-30;0,0;0,0;30,0;41,0;0,0;160,0
2024-07-01;0,0;0,0;50,0;62,0;10,0;251,0
2024-07-02;1,0;0,0;65,0;45,0;16,0;166,0
2024-07-03;0,0;0,0;74,0;56,0;5,0;207,0
2024-07-04;0,0;0,0;42,0;39,0;2,0;76,0
2024-07-05;0,0;0,0;45,0;36,0;6,0;79,0
2024-07-06;0,0;0,0;29,0;15,0;0,0;55,0
2024-07-07;0,0;0,0;10,0;16,0;0,0;90,0
2024-07-08;0,0;0,0;89,0;62,0;6,0;274,0
2024-07-09;0,0;0,0;80,0;44,0;2,0;205,0
2024-07-10;0,0;0,0;45,0;25,0;4,0;103,0
2024-07-11;0,0;0,0;36,0;15,0;3,0;85,0
2024-07-12;0,0;0,0;28,0;15,0;2,0;67,0
2024-07-13;0,0;0,0;12,0;10,0;0,0;39,0
2024-07-14;0,0;0,0;7,0;6,0;0,0;40,0
2024-07-15;0,0;0,0;15,0;24,0;0,0;45,0
2024-07-16;0,0;0,0;12,0;13,0;0,0;45,0
2024-07-17;0,0;0,0;14,0;10,0;0,0;35,0
2024-07-18;0,0;0,0;8,0;5,0;0,0;28,0
2024-07-19;0,0;0,0;8,0;8,0;0,0;22,0
2024-07-20;0,0;0,0;7,0;6,0;0,0;25,0
2024-07-21;0,0;0,0;7,0;11,0;0,0;23,0
2024-07-22;0,0;0,0;7,0;9,0;0,0;20,0
2024-07-23;0,0;0,0;7,0;7,0;0,0;23,0
2024-07-24;0,0;0,0;10,0;9,0;0,0;23,0
2024-07-25;0,0;0,0;2,0;2,0;0,0;21,0
2024-07-26;0,0;0,0;4,0;2,0;0,0;15,0
2024-07-27;0,0;0,0;3,0;3,0;0,0;29,0
2024-07-28;0,0;0,0;1,0;2,0;0,0;18,0
2024-07-29;0,0;0,0;3,0;6,0;1,0;23,0
2024-07-30;0,0;0,0;3,0;6,0;0,0;26,0
2024-07-31;0,0;0,0;5,0;3,0;0,0;22,0
2024-08-01;0,0;0,0;2,0;3,0;0,0;27,0
2024-08-02;0,0;0,0;2,0;5,0;0,0;35,0
2024-08-03;0,0;0,0;2,0;4,0;0,0;32,0
2024-08-04;0,0;0,0;4,0;8,0;0,0;24,0
2024-08-05;0,0;0,0;2,0;1,0;0,0;0,0
2024-08-06;0,0;0,0;0,0;0,0;0,0;0,0
2024-08-07;0,0;0,0;0,0;0,0;0,0;0,0
2024-08-08;0,0;0,0;0,0;0,0;0,0;0,0
2024-08-09;0,0;0,0;0,0;0,0;0,0;0,0
2024-08-10;0,0;0,0;0,0;0,0;0,0;0,0
2024-08-11;0,0;0,0;0,0;0,0;0,0;0,0
2024-08-12;0,0;0,0;0,0;0,0;0,0;0,0
2024-08-13;0,0;0,0;1,0;0,0;0,0;0,0
2024-08-14;0,0;0,0;4,0;0,0;0,0;0,0
2024-08-15;0,0;0,0;3,0;0,0;0,0;0,0
2024-08-16;0,0;0,0;4,0;0,0;0,0;0,0
2024-08-17;0,0;0,0;3,0;0,0;0,0;0,0
2024-08-18;0,0;0,0;4,0;0,0;0,0;0,0
2024-08-19;0,0;0,0;0,0;0,0;0,0;0,0
2024-08-20;0,0;0,0;0,0;0,0;0,0;0,0
2024-08-21;0,0;0,0;0,0;0,0;0,0;0,0
2024-08-22;0,0;0,0;0,0;0,0;0,0;0,0
2024-08-23;2,0;0,0;12,0;0,0;1,0;0,0
2024-08-24;0,0;0,0;18,0;0,0;0,0;0,0
2024-08-25;1,0;0,0;24,0;0,0;0,0;0,0
2024-08-26;1,0;0,0;46,0;0,0;5,0;0,0
2024-08-27;5,0;0,0;91,0;0,0;0,0;0,0
2024-08-28;2,0;0,0;118,0;0,0;4,0;0,0
2024-08-29;6,0;0,0;286,0;0,0;6,0;0,0
2024-08-30;4,0;0,0;216,0;0,0;5,0;0,0
2024-08-31;1,0;0,0;91,0;0,0;6,0;0,0
2024-09-01;1,0;0,0;123,0;25,0;3,0;590,0
2024-09-02;5,0;0,0;268,0;647,0;11,0;2915,0
2024-09-03;5,0;0,0;285,0;461,0;12,0;1241,0
2024-09-04;5,0;0,0;341,0;413,0;13,0;1762,0
2024-09-05;5,0;0,0;440,0;460,0;21,0;2015,0
2024-09-06;1,0;0,0;349,0;401,0;18,0;1615,0
2024-09-07;0,0;0,0;54,0;182,0;3,0;831,0
2024-09-08;4,0;0,0;101,0;328,0;3,0;1450,0
2024-09-09;9,0;0,0;427,0;658,0;24,0;2527,0
2024-09-10;9,0;0,0;394,0;577,0;32,0;2736,0
2024-09-11;4,0;0,0;292,0;489,0;12,0;2568,0
2024-09-12;6,0;0,0;440,0;566,0;19,0;2520,0
2024-09-13;7,0;0,0;372,0;466,0;23,0;2053,0
2024-09-14;0,0;0,0;44,0;200,0;1,0;1184,0
2024-09-15;4,0;0,0;96,0;313,0;1,0;2000,0
2024-09-16;9,0;0,0;405,0;654,0;31,0;3028,0
2024-09-17;6,0;0,0;423,0;606,0;29,0;2813,0
2024-09-18;4,0;0,0;300,0;504,0;11,0;3160,0
2024-09-19;7,0;0,0;423,0;537,0;31,0;2990,0
2024-09-20;3,0;0,0;351,0;418,0;25,0;2121,0
2024-09-21;0,0;0,0;64,0;187,0;2,0;1490,0
2024-09-22;3,0;0,0;94,0;276,0;6,0;2333,0
2024-09-23;4,0;0,0;416,0;641,0;30,0;3119,0
2024-09-24;4,0;0,0;430,0;586,0;27,0;2805,0
2024-09-25;2,0;0,0;280,0;496,0;15,0;3084,0
2024-09-26;1,0;0,0;406,0;588,0;23,0;3177,0
2024-09-27;2,0;0,0;334,0;479,0;25,0;2241,0
2024-09-28;1,0;0,0;68,0;179,0;1,0;1593,0
2024-09-29;4,0;0,0;107,0;307,0;7,0;2388,0
2024-09-30;7,0;0,0;431,0;676,0;28,0;3672,0
2024-10-01;7,0;0,0;394,0;636,0;28,0;3392,0
2024-10-02;0,0;0,0;303,0;520,0;15,0;3252,0
2024-10-03;4,0;0,0;425,0;541,0;33,0;3077,0
2024-10-04;1,0;0,0;343,0;451,0;28,0;2167,0
2024-10-05;1,0;0,0;65,0;196,0;0,0;1508,0
2024-10-06;1,0;0,0;111,0;304,0;5,0;2414,0
2024-10-07;5,0;0,0;430,0;655,0;41,0;3205,0
2024-10-08;5,0;0,0;403,0;632,0;36,0;3142,0
2024-10-09;1,0;0,0;287,0;502,0;20,0;3087,0
2024-10-10;5,0;0,0;403,0;571,0;27,0;3091,0
2024-10-11;4,0;0,0;317,0;439,0;13,0;2424,0
2024-10-12;0,0;0,0;80,0;203,0;3,0;1450,0
2024-10-13;0,0;0,0;109,0;308,0;3,0;2383,0
2024-10-14;5,0;0,0;403,0;596,0;32,0;3311,0
2024-10-15;0,0;0,0;414,0;580,0;25,0;2947,0
2024-10-16;0,0;0,0;281,0;444,0;16,0;2758,0
2024-10-17;1,0;0,0;431,0;519,0;39,0;3304,0
2024-10-18;1,0;0,0;352,0;434,0;34,0;2113,0
2024-10-19;1,0;0,0;64,0;123,0;1,0;618,0
2024-10-20;0,0;0,0;44,0;114,0;1,0;610,0
2024-10-21;0,0;0,0;63,0;217,0;12,0;781,0
2024-10-22;0,0;0,0;65,0;162,0;1,0;759,0
2024-10-23;0,0;0,0;31,0;142,0;0,0;695,0
2024-10-24;0,0;0,0;49,0;136,0;0,0;680,0
2024-10-25;0,0;0,0;40,0;95,0;0,0;624,0
2024-10-26;0,0;0,0;18,0;83,0;1,0;635,0
2024-10-27;0,0;0,0;32,0;89,0;0,0;641,0
2024-10-28;0,0;0,0;53,0;130,0;0,0;828,0
2024-10-29;0,0;0,0;50,0;134,0;0,0;842,0
2024-10-30;0,0;0,0;61,0;123,0;0,0;889,0
2024-10-31;0,0;0,0;65,0;110,0;0,0;796,0
2024-11-01;0,0;0,0;51,0;108,0;1,0;911,0
2024-11-02;0,0;0,0;71,0;120,0;0,0;1190,0
2024-11-03;0,0;0,0;135,0;283,0;1,0;2273,0
2024-11-04;2,0;0,0;454,0;599,0;27,0;3550,0
2024-11-05;4,0;0,0;466,0;555,0;28,0;3012,0
2024-11-06;0,0;0,0;285,0;427,0;16,0;2803,0
2024-11-07;1,0;0,0;408,0;507,0;27,0;2923,0
2024-11-08;3,0;0,0;334,0;409,0;24,0;2202,0
2024-11-09;0,0;0,0;58,0;155,0;1,0;1132,0
2024-11-10;0,0;0,0;64,0;178,0;4,0;1315,0
2024-11-11;0,0;0,0;153,0;305,0;3,0;2259,0
2024-11-12;4,0;0,0;432,0;548,0;32,0;3003,0
2024-11-13;1,0;0,0;292,0;530,0;23,0;3163,0
2024-11-14;2,0;0,0;445,0;562,0;33,0;3121,0
2024-11-15;4,0;0,0;350,0;426,0;33,0;2280,0
2024-11-16;0,0;0,0;77,0;225,0;2,0;1542,0
2024-11-17;1,0;0,0;136,0;361,0;1,0;2665,0
2024-11-18;1,0;0,0;447,0;635,0;29,0;3456,0
2024-11-19;1,0;0,0;495,0;587,0;31,0;2983,0
2024-11-20;0,0;0,0;364,0;494,0;25,0;2977,0
2024-11-21;3,0;0,0;457,0;464,0;37,0;3172,0
2024-11-22;0,0;0,0;362,0;417,0;29,0;2327,0
2024-11-23;0,0;0,0;116,0;159,0;1,0;1371,0
2024-11-24;0,0;0,0;129,0;264,0;7,0;2169,0
2024-11-25;1,0;0,0;446,0;528,0;37,0;3292,0
2024-11-26;0,0;0,0;442,0;539,0;31,0;2874,0
2024-11-27;0,0;0,0;312,0;421,0;16,0;3045,0
2024-11-28;4,0;0,0;474,0;473,0;37,0;3108,0
2024-11-29;0,0;0,0;354,0;371,0;32,0;2282,0
2024-11-30;0,0;0,0;82,0;155,0;0,0;1333,0
2024-12-01;1,0;0,0;125,0;240,0;5,0;2042,0
2024-12-02;0,0;0,0;432,0;489,0;28,0;3258,0
2024-12-03;0,0;0,0;370,0;441,0;18,0;2632,0
2024-12-04;0,0;0,0;279,0;418,0;19,0;3128,0
2024-12-05;2,0;0,0;300,0;554,0;34,0;3103,0
2024-12-06;0,0;0,0;330,0;397,0;24,0;2173,0
2024-12-07;0,0;0,0;67,0;141,0;5,0;1332,0
2024-12-08;0,0;0,0;100,0;239,0;5,0;2132,0
2024-12-09;0,0;0,0;400,0;583,0;35,0;2978,0
2024-12-10;0,0;0,0;408,0;472,0;29,0;2803,0
2024-12-11;0,0;0,0;291,0;375,0;16,0;2834,0
2024-12-12;2,0;0,0;416,0;424,0;31,0;2954,0
2024-12-13;1,0;0,0;367,0;354,0;29,0;2083,0
2024-12-14;0,0;0,0;71,0;117,0;3,0;1246,0
2024-12-15;1,0;0,0;122,0;235,0;4,0;2198,0
2024-12-16;1,0;0,0;367,0;483,0;24,0;3125,0
2024-12-17;1,0;0,0;363,0;470,0;32,0;2780,0
2024-12-18;1,0;0,0;259,0;434,0;18,0;2616,0
2024-12-19;2,0;0,0;416,0;408,0;25,0;2623,0
2024-12-20;1,0;0,0;336,0;325,0;31,0;1724,0
2024-12-21;1,0;0,0;52,0;90,0;0,0;570,0
2024-12-22;0,0;0,0;32,0;75,0;0,0;498,0
2024-12-23;0,0;0,0;45,0;74,0;1,0;538,0
2024-12-24;0,0;0,0;22,0;48,0;0,0;448,0
2024-12-25;0,0;0,0;17,0;45,0;0,0;380,0
2024-12-26;0,0;0,0;36,0;85,0;0,0;539,0
2024-12-27;0,0;0,0;27,0;70,0;0,0;544,0
2024-12-28;0,0;0,0;26,0;59,0;0,0;553,0
2024-12-29;0,0;0,0;28,0;74,0;0,0;572,0
2024-12-30;0,0;0,0;34,0;77,0;0,0;756,0
2024-12-31;0,0;0,0;22,0;57,0;0,0;477,0
2025-01-01;0,0;0,0;28,0;42,0;0,0;599,0
2025-01-02;0,0;0,0;57,0;105,0;0,0;952,0
2025-01-03;0,0;0,0;61,0;119,0;4,0;964,0
2025-01-04;0,0;0,0;80,0;100,0;2,0;1085,0
2025-01-05;0,0;0,0;110,0;208,0;2,0;2027,0
2025-01-06;1,0;0,0;392,0;483,0;29,0;3154,0
2025-01-07;1,0;0,0;380,0;441,0;25,0;2803,0
2025-01-08;2,0;0,0;269,0;407,0;16,0;2774,0
2025-01-09;0,0;0,0;425,0;463,0;31,0;2563,0
2025-01-10;0,0;0,0;326,0;336,0;21,0;1681,0
2025-01-11;0,0;0,0;84,0;149,0;4,0;1290,0
2025-01-12;0,0;0,0;110,0;278,0;5,0;2095,0
2025-01-13;1,0;0,0;389,0;496,0;22,0;3110,0
2025-01-14;1,0;0,0;397,0;462,0;30,0;2632,0
2025-01-15;0,0;0,0;299,0;390,0;19,0;2761,0
2025-01-16;3,0;0,0;460,0;487,0;17,0;2700,0
2025-01-17;2,0;0,0;347,0;392,0;27,0;1901,0
2025-01-18;1,0;0,0;66,0;162,0;0,0;1321,0
2025-01-19;2,0;0,0;137,0;287,0;8,0;2186,0
2025-01-20;1,0;0,0;426,0;520,0;38,0;3232,0
2025-01-21;1,0;2,0;416,0;507,0;38,0;3094,0
2025-01-22;4,0;0,0;270,0;444,0;21,0;2848,0
2025-01-23;8,0;0,0;438,0;451,0;40,0;2711,0
2025-01-24;5,0;0,0;366,0;360,0;29,0;1963,0
2025-01-25;2,0;0,0;79,0;149,0;0,0;1225,0
2025-01-26;0,0;0,0;147,0;254,0;7,0;2104,0
2025-01-27;2,0;0,0;412,0;466,0;32,0;2957,0
2025-01-28;2,0;0,0;410,0;454,0;22,0;2759,0
2025-01-29;0,0;0,0;283,0;381,0;15,0;2522,0
2025-01-30;4,0;0,0;460,0;476,0;34,0;2844,0
2025-01-31;0,0;0,0;369,0;368,0;29,0;2260,0
2025-02-01;1,0;0,0;104,0;165,0;0,0;1319,0
2025-02-02;0,0;0,0;148,0;253,0;3,0;2114,0
2025-02-03;2,0;0,0;450,0;505,0;24,0;3448,0
2025-02-04;1,0;0,0;402,0;451,0;26,0;2756,0
2025-02-05;1,0;0,0;312,0;441,0;19,0;2695,0
2025-02-06;0,0;0,0;436,0;474,0;22,0;2810,0
2025-02-07;1,0;0,0;358,0;421,0;37,0;2001,0
2025-02-08;0,0;0,0;71,0;168,0;0,0;1191,0
2025-02-09;1,0;0,0;132,0;258,0;1,0;2140,0
2025-02-10;1,0;0,0;1795,0;1728,0;179,0;10763,0
2025-02-11;3,0;0,0;402,0;530,0;30,0;2758,0
